omitted_review_row_index	remaining_clusters	scope	target	metric	reviewed_model_assessments	positive_model_assessments	auc	best_threshold	best_f1	precision	recall	true_positive	false_positive	false_negative
1	29	overall	human_decision_change_yes	wer	87	15	0.7079	42.59	0.4737	0.3913	0.6	9	14	6
1	29	overall	human_decision_change_yes	cer	87	15	0.7356	16.42	0.459	0.3043	0.9333	14	32	1
1	29	overall	human_decision_change_yes	sres_total	87	15	0.8949	270.0	0.6341	0.5	0.8667	13	13	2
1	29	overall	human_decision_change_yes	ceis_max	87	15	0.9032	5.0	0.6122	0.4412	1.0	15	19	0
1	29	overall	human_decision_change_yes_or_uncertain	wer	87	15	0.7079	42.59	0.4737	0.3913	0.6	9	14	6
1	29	overall	human_decision_change_yes_or_uncertain	cer	87	15	0.7356	16.42	0.459	0.3043	0.9333	14	32	1
1	29	overall	human_decision_change_yes_or_uncertain	sres_total	87	15	0.8949	270.0	0.6341	0.5	0.8667	13	13	2
1	29	overall	human_decision_change_yes_or_uncertain	ceis_max	87	15	0.9032	5.0	0.6122	0.4412	1.0	15	19	0
2	29	overall	human_decision_change_yes	wer	87	15	0.7167	42.59	0.4737	0.3913	0.6	9	14	6
2	29	overall	human_decision_change_yes	cer	87	15	0.7519	16.42	0.459	0.3043	0.9333	14	32	1
2	29	overall	human_decision_change_yes	sres_total	87	15	0.8949	270.0	0.6341	0.5	0.8667	13	13	2
2	29	overall	human_decision_change_yes	ceis_max	87	15	0.9032	5.0	0.6122	0.4412	1.0	15	19	0
2	29	overall	human_decision_change_yes_or_uncertain	wer	87	15	0.7167	42.59	0.4737	0.3913	0.6	9	14	6
2	29	overall	human_decision_change_yes_or_uncertain	cer	87	15	0.7519	16.42	0.459	0.3043	0.9333	14	32	1
2	29	overall	human_decision_change_yes_or_uncertain	sres_total	87	15	0.8949	270.0	0.6341	0.5	0.8667	13	13	2
2	29	overall	human_decision_change_yes_or_uncertain	ceis_max	87	15	0.9032	5.0	0.6122	0.4412	1.0	15	19	0
3	29	overall	human_decision_change_yes	wer	87	15	0.6782	42.59	0.4324	0.3636	0.5333	8	14	7
3	29	overall	human_decision_change_yes	cer	87	15	0.7134	16.42	0.4483	0.3023	0.8667	13	30	2
3	29	overall	human_decision_change_yes	sres_total	87	15	0.8995	270.0	0.6341	0.5	0.8667	13	13	2
3	29	overall	human_decision_change_yes	ceis_max	87	15	0.9032	5.0	0.6122	0.4412	1.0	15	19	0
3	29	overall	human_decision_change_yes_or_uncertain	wer	87	15	0.6782	42.59	0.4324	0.3636	0.5333	8	14	7
3	29	overall	human_decision_change_yes_or_uncertain	cer	87	15	0.7134	16.42	0.4483	0.3023	0.8667	13	30	2
3	29	overall	human_decision_change_yes_or_uncertain	sres_total	87	15	0.8995	270.0	0.6341	0.5	0.8667	13	13	2
3	29	overall	human_decision_change_yes_or_uncertain	ceis_max	87	15	0.9032	5.0	0.6122	0.4412	1.0	15	19	0
4	29	overall	human_decision_change_yes	wer	87	15	0.6968	42.59	0.4737	0.3913	0.6	9	14	6
4	29	overall	human_decision_change_yes	cer	87	15	0.7245	31.4	0.4444	0.381	0.5333	8	13	7
4	29	overall	human_decision_change_yes	sres_total	87	15	0.9046	270.0	0.6667	0.5185	0.9333	14	13	1
4	29	overall	human_decision_change_yes	ceis_max	87	15	0.9032	5.0	0.6122	0.4412	1.0	15	19	0
4	29	overall	human_decision_change_yes_or_uncertain	wer	87	15	0.6968	42.59	0.4737	0.3913	0.6	9	14	6
4	29	overall	human_decision_change_yes_or_uncertain	cer	87	15	0.7245	31.4	0.4444	0.381	0.5333	8	13	7
4	29	overall	human_decision_change_yes_or_uncertain	sres_total	87	15	0.9046	270.0	0.6667	0.5185	0.9333	14	13	1
4	29	overall	human_decision_change_yes_or_uncertain	ceis_max	87	15	0.9032	5.0	0.6122	0.4412	1.0	15	19	0
5	29	overall	human_decision_change_yes	wer	87	15	0.7051	42.59	0.4737	0.3913	0.6	9	14	6
5	29	overall	human_decision_change_yes	cer	87	15	0.7319	17.8	0.4483	0.3023	0.8667	13	30	2
5	29	overall	human_decision_change_yes	sres_total	87	15	0.9046	270.0	0.6667	0.5185	0.9333	14	13	1
5	29	overall	human_decision_change_yes	ceis_max	87	15	0.9032	5.0	0.6122	0.4412	1.0	15	19	0
5	29	overall	human_decision_change_yes_or_uncertain	wer	87	15	0.7051	42.59	0.4737	0.3913	0.6	9	14	6
5	29	overall	human_decision_change_yes_or_uncertain	cer	87	15	0.7319	17.8	0.4483	0.3023	0.8667	13	30	2
5	29	overall	human_decision_change_yes_or_uncertain	sres_total	87	15	0.9046	270.0	0.6667	0.5185	0.9333	14	13	1
5	29	overall	human_decision_change_yes_or_uncertain	ceis_max	87	15	0.9032	5.0	0.6122	0.4412	1.0	15	19	0
6	29	overall	human_decision_change_yes	wer	87	15	0.681	42.59	0.4324	0.3636	0.5333	8	14	7
6	29	overall	human_decision_change_yes	cer	87	15	0.7162	16.42	0.4407	0.2955	0.8667	13	31	2
6	29	overall	human_decision_change_yes	sres_total	87	15	0.8912	270.0	0.6341	0.5	0.8667	13	13	2
6	29	overall	human_decision_change_yes	ceis_max	87	15	0.912	5.0	0.6122	0.4412	1.0	15	19	0
6	29	overall	human_decision_change_yes_or_uncertain	wer	87	15	0.681	42.59	0.4324	0.3636	0.5333	8	14	7
6	29	overall	human_decision_change_yes_or_uncertain	cer	87	15	0.7162	16.42	0.4407	0.2955	0.8667	13	31	2
6	29	overall	human_decision_change_yes_or_uncertain	sres_total	87	15	0.8912	270.0	0.6341	0.5	0.8667	13	13	2
6	29	overall	human_decision_change_yes_or_uncertain	ceis_max	87	15	0.912	5.0	0.6122	0.4412	1.0	15	19	0
7	29	overall	human_decision_change_yes	wer	87	14	0.6903	42.59	0.4444	0.3636	0.5714	8	14	6
7	29	overall	human_decision_change_yes	cer	87	14	0.7216	16.42	0.4138	0.2727	0.8571	12	32	2
7	29	overall	human_decision_change_yes	sres_total	87	14	0.908	270.0	0.6316	0.5	0.8571	12	12	2
7	29	overall	human_decision_change_yes	ceis_max	87	14	0.9207	5.0	0.6087	0.4375	1.0	14	18	0
7	29	overall	human_decision_change_yes_or_uncertain	wer	87	14	0.6903	42.59	0.4444	0.3636	0.5714	8	14	6
7	29	overall	human_decision_change_yes_or_uncertain	cer	87	14	0.7216	16.42	0.4138	0.2727	0.8571	12	32	2
7	29	overall	human_decision_change_yes_or_uncertain	sres_total	87	14	0.908	270.0	0.6316	0.5	0.8571	12	12	2
7	29	overall	human_decision_change_yes_or_uncertain	ceis_max	87	14	0.9207	5.0	0.6087	0.4375	1.0	14	18	0
8	29	overall	human_decision_change_yes	wer	87	16	0.6835	42.59	0.4615	0.3913	0.5625	9	14	7
8	29	overall	human_decision_change_yes	cer	87	16	0.7161	16.42	0.4516	0.3043	0.875	14	32	2
8	29	overall	human_decision_change_yes	sres_total	87	16	0.8996	270.0	0.6667	0.5385	0.875	14	12	2
8	29	overall	human_decision_change_yes	ceis_max	87	16	0.9129	5.0	0.64	0.4706	1.0	16	18	0
8	29	overall	human_decision_change_yes_or_uncertain	wer	87	16	0.6835	42.59	0.4615	0.3913	0.5625	9	14	7
8	29	overall	human_decision_change_yes_or_uncertain	cer	87	16	0.7161	16.42	0.4516	0.3043	0.875	14	32	2
8	29	overall	human_decision_change_yes_or_uncertain	sres_total	87	16	0.8996	270.0	0.6667	0.5385	0.875	14	12	2
8	29	overall	human_decision_change_yes_or_uncertain	ceis_max	87	16	0.9129	5.0	0.64	0.4706	1.0	16	18	0
9	29	overall	human_decision_change_yes	wer	87	15	0.6889	42.59	0.4444	0.381	0.5333	8	13	7
9	29	overall	human_decision_change_yes	cer	87	15	0.7264	16.42	0.4407	0.2955	0.8667	13	31	2
9	29	overall	human_decision_change_yes	sres_total	87	15	0.8912	270.0	0.6341	0.5	0.8667	13	13	2
9	29	overall	human_decision_change_yes	ceis_max	87	15	0.912	5.0	0.6122	0.4412	1.0	15	19	0
9	29	overall	human_decision_change_yes_or_uncertain	wer	87	15	0.6889	42.59	0.4444	0.381	0.5333	8	13	7
9	29	overall	human_decision_change_yes_or_uncertain	cer	87	15	0.7264	16.42	0.4407	0.2955	0.8667	13	31	2
9	29	overall	human_decision_change_yes_or_uncertain	sres_total	87	15	0.8912	270.0	0.6341	0.5	0.8667	13	13	2
9	29	overall	human_decision_change_yes_or_uncertain	ceis_max	87	15	0.912	5.0	0.6122	0.4412	1.0	15	19	0
10	29	overall	human_decision_change_yes	wer	87	14	0.6776	42.59	0.4	0.3333	0.5	7	14	7
10	29	overall	human_decision_change_yes	cer	87	14	0.7001	16.42	0.4138	0.2727	0.8571	12	32	2
10	29	overall	human_decision_change_yes	sres_total	87	14	0.8904	270.0	0.6154	0.48	0.8571	12	13	2
10	29	overall	human_decision_change_yes	ceis_max	87	14	0.9163	5.0	0.5957	0.4242	1.0	14	19	0
10	29	overall	human_decision_change_yes_or_uncertain	wer	87	14	0.6776	42.59	0.4	0.3333	0.5	7	14	7
10	29	overall	human_decision_change_yes_or_uncertain	cer	87	14	0.7001	16.42	0.4138	0.2727	0.8571	12	32	2
10	29	overall	human_decision_change_yes_or_uncertain	sres_total	87	14	0.8904	270.0	0.6154	0.48	0.8571	12	13	2
10	29	overall	human_decision_change_yes_or_uncertain	ceis_max	87	14	0.9163	5.0	0.5957	0.4242	1.0	14	19	0
11	29	overall	human_decision_change_yes	wer	87	15	0.6894	43.33	0.4324	0.3636	0.5333	8	14	7
11	29	overall	human_decision_change_yes	cer	87	15	0.7218	15.69	0.4444	0.2917	0.9333	14	34	1
11	29	overall	human_decision_change_yes	sres_total	87	15	0.8912	270.0	0.6341	0.5	0.8667	13	13	2
11	29	overall	human_decision_change_yes	ceis_max	87	15	0.912	5.0	0.6122	0.4412	1.0	15	19	0
11	29	overall	human_decision_change_yes_or_uncertain	wer	87	15	0.6894	43.33	0.4324	0.3636	0.5333	8	14	7
11	29	overall	human_decision_change_yes_or_uncertain	cer	87	15	0.7218	15.69	0.4444	0.2917	0.9333	14	34	1
11	29	overall	human_decision_change_yes_or_uncertain	sres_total	87	15	0.8912	270.0	0.6341	0.5	0.8667	13	13	2
11	29	overall	human_decision_change_yes_or_uncertain	ceis_max	87	15	0.912	5.0	0.6122	0.4412	1.0	15	19	0
12	29	overall	human_decision_change_yes	wer	87	16	0.6897	42.59	0.4615	0.3913	0.5625	9	14	7
12	29	overall	human_decision_change_yes	cer	87	16	0.7232	16.42	0.4667	0.3182	0.875	14	30	2
12	29	overall	human_decision_change_yes	sres_total	87	16	0.9071	270.0	0.6667	0.5385	0.875	14	12	2
12	29	overall	human_decision_change_yes	ceis_max	87	16	0.9129	5.0	0.64	0.4706	1.0	16	18	0
12	29	overall	human_decision_change_yes_or_uncertain	wer	87	16	0.6897	42.59	0.4615	0.3913	0.5625	9	14	7
12	29	overall	human_decision_change_yes_or_uncertain	cer	87	16	0.7232	16.42	0.4667	0.3182	0.875	14	30	2
12	29	overall	human_decision_change_yes_or_uncertain	sres_total	87	16	0.9071	270.0	0.6667	0.5385	0.875	14	12	2
12	29	overall	human_decision_change_yes_or_uncertain	ceis_max	87	16	0.9129	5.0	0.64	0.4706	1.0	16	18	0
13	29	overall	human_decision_change_yes	wer	87	15	0.7125	42.59	0.4737	0.3913	0.6	9	14	6
13	29	overall	human_decision_change_yes	cer	87	15	0.731	31.4	0.4444	0.381	0.5333	8	13	7
13	29	overall	human_decision_change_yes	sres_total	87	15	0.8912	270.0	0.6341	0.5	0.8667	13	13	2
13	29	overall	human_decision_change_yes	ceis_max	87	15	0.912	5.0	0.6122	0.4412	1.0	15	19	0
13	29	overall	human_decision_change_yes_or_uncertain	wer	87	15	0.7125	42.59	0.4737	0.3913	0.6	9	14	6
13	29	overall	human_decision_change_yes_or_uncertain	cer	87	15	0.731	31.4	0.4444	0.381	0.5333	8	13	7
13	29	overall	human_decision_change_yes_or_uncertain	sres_total	87	15	0.8912	270.0	0.6341	0.5	0.8667	13	13	2
13	29	overall	human_decision_change_yes_or_uncertain	ceis_max	87	15	0.912	5.0	0.6122	0.4412	1.0	15	19	0
14	29	overall	human_decision_change_yes	wer	87	16	0.695	42.59	0.4615	0.3913	0.5625	9	14	7
14	29	overall	human_decision_change_yes	cer	87	16	0.7232	16.42	0.459	0.3111	0.875	14	31	2
14	29	overall	human_decision_change_yes	sres_total	87	16	0.9036	270.0	0.6667	0.5385	0.875	14	12	2
14	29	overall	human_decision_change_yes	ceis_max	87	16	0.9129	5.0	0.64	0.4706	1.0	16	18	0
14	29	overall	human_decision_change_yes_or_uncertain	wer	87	16	0.695	42.59	0.4615	0.3913	0.5625	9	14	7
14	29	overall	human_decision_change_yes_or_uncertain	cer	87	16	0.7232	16.42	0.459	0.3111	0.875	14	31	2
14	29	overall	human_decision_change_yes_or_uncertain	sres_total	87	16	0.9036	270.0	0.6667	0.5385	0.875	14	12	2
14	29	overall	human_decision_change_yes_or_uncertain	ceis_max	87	16	0.9129	5.0	0.64	0.4706	1.0	16	18	0
15	29	overall	human_decision_change_yes	wer	87	16	0.6928	42.59	0.4615	0.3913	0.5625	9	14	7
15	29	overall	human_decision_change_yes	cer	87	16	0.7232	16.42	0.459	0.3111	0.875	14	31	2
15	29	overall	human_decision_change_yes	sres_total	87	16	0.9036	270.0	0.6667	0.5385	0.875	14	12	2
15	29	overall	human_decision_change_yes	ceis_max	87	16	0.9129	5.0	0.64	0.4706	1.0	16	18	0
15	29	overall	human_decision_change_yes_or_uncertain	wer	87	16	0.6928	42.59	0.4615	0.3913	0.5625	9	14	7
15	29	overall	human_decision_change_yes_or_uncertain	cer	87	16	0.7232	16.42	0.459	0.3111	0.875	14	31	2
15	29	overall	human_decision_change_yes_or_uncertain	sres_total	87	16	0.9036	270.0	0.6667	0.5385	0.875	14	12	2
15	29	overall	human_decision_change_yes_or_uncertain	ceis_max	87	16	0.9129	5.0	0.64	0.4706	1.0	16	18	0
16	29	overall	human_decision_change_yes	wer	87	15	0.6819	42.59	0.4324	0.3636	0.5333	8	14	7
16	29	overall	human_decision_change_yes	cer	87	15	0.7199	16.42	0.4407	0.2955	0.8667	13	31	2
16	29	overall	human_decision_change_yes	sres_total	87	15	0.8995	270.0	0.6341	0.5	0.8667	13	13	2
16	29	overall	human_decision_change_yes	ceis_max	87	15	0.912	5.0	0.6122	0.4412	1.0	15	19	0
16	29	overall	human_decision_change_yes_or_uncertain	wer	87	15	0.6819	42.59	0.4324	0.3636	0.5333	8	14	7
16	29	overall	human_decision_change_yes_or_uncertain	cer	87	15	0.7199	16.42	0.4407	0.2955	0.8667	13	31	2
16	29	overall	human_decision_change_yes_or_uncertain	sres_total	87	15	0.8995	270.0	0.6341	0.5	0.8667	13	13	2
16	29	overall	human_decision_change_yes_or_uncertain	ceis_max	87	15	0.912	5.0	0.6122	0.4412	1.0	15	19	0
17	29	overall	human_decision_change_yes	wer	87	14	0.681	42.59	0.4444	0.3636	0.5714	8	14	6
17	29	overall	human_decision_change_yes	cer	87	14	0.7304	31.4	0.4571	0.381	0.5714	8	13	6
17	29	overall	human_decision_change_yes	sres_total	87	14	0.9041	270.0	0.6154	0.48	0.8571	12	13	2
17	29	overall	human_decision_change_yes	ceis_max	87	14	0.9163	5.0	0.5957	0.4242	1.0	14	19	0
17	29	overall	human_decision_change_yes_or_uncertain	wer	87	14	0.681	42.59	0.4444	0.3636	0.5714	8	14	6
17	29	overall	human_decision_change_yes_or_uncertain	cer	87	14	0.7304	31.4	0.4571	0.381	0.5714	8	13	6
17	29	overall	human_decision_change_yes_or_uncertain	sres_total	87	14	0.9041	270.0	0.6154	0.48	0.8571	12	13	2
17	29	overall	human_decision_change_yes_or_uncertain	ceis_max	87	14	0.9163	5.0	0.5957	0.4242	1.0	14	19	0
18	29	overall	human_decision_change_yes	wer	87	16	0.7091	42.59	0.4865	0.4286	0.5625	9	12	7
18	29	overall	human_decision_change_yes	cer	87	16	0.7434	16.42	0.4746	0.3256	0.875	14	29	2
18	29	overall	human_decision_change_yes	sres_total	87	16	0.9085	270.0	0.7	0.5833	0.875	14	10	2
18	29	overall	human_decision_change_yes	ceis_max	87	16	0.9225	5.0	0.6667	0.5	1.0	16	16	0
18	29	overall	human_decision_change_yes_or_uncertain	wer	87	16	0.7091	42.59	0.4865	0.4286	0.5625	9	12	7
18	29	overall	human_decision_change_yes_or_uncertain	cer	87	16	0.7434	16.42	0.4746	0.3256	0.875	14	29	2
18	29	overall	human_decision_change_yes_or_uncertain	sres_total	87	16	0.9085	270.0	0.7	0.5833	0.875	14	10	2
18	29	overall	human_decision_change_yes_or_uncertain	ceis_max	87	16	0.9225	5.0	0.6667	0.5	1.0	16	16	0
19	29	overall	human_decision_change_yes	wer	87	16	0.695	42.59	0.4737	0.4091	0.5625	9	13	7
19	29	overall	human_decision_change_yes	cer	87	16	0.732	16.42	0.4667	0.3182	0.875	14	30	2
19	29	overall	human_decision_change_yes	sres_total	87	16	0.897	210.0	0.6531	0.4848	1.0	16	17	0
19	29	overall	human_decision_change_yes	ceis_max	87	16	0.9177	5.0	0.6531	0.4848	1.0	16	17	0
19	29	overall	human_decision_change_yes_or_uncertain	wer	87	16	0.695	42.59	0.4737	0.4091	0.5625	9	13	7
19	29	overall	human_decision_change_yes_or_uncertain	cer	87	16	0.732	16.42	0.4667	0.3182	0.875	14	30	2
19	29	overall	human_decision_change_yes_or_uncertain	sres_total	87	16	0.897	210.0	0.6531	0.4848	1.0	16	17	0
19	29	overall	human_decision_change_yes_or_uncertain	ceis_max	87	16	0.9177	5.0	0.6531	0.4848	1.0	16	17	0
20	29	overall	human_decision_change_yes	wer	87	16	0.6967	42.59	0.4615	0.3913	0.5625	9	14	7
20	29	overall	human_decision_change_yes	cer	87	16	0.7223	16.42	0.459	0.3111	0.875	14	31	2
20	29	overall	human_decision_change_yes	sres_total	87	16	0.8961	270.0	0.6512	0.5185	0.875	14	13	2
20	29	overall	human_decision_change_yes	ceis_max	87	16	0.9129	5.0	0.64	0.4706	1.0	16	18	0
20	29	overall	human_decision_change_yes_or_uncertain	wer	87	16	0.6967	42.59	0.4615	0.3913	0.5625	9	14	7
20	29	overall	human_decision_change_yes_or_uncertain	cer	87	16	0.7223	16.42	0.459	0.3111	0.875	14	31	2
20	29	overall	human_decision_change_yes_or_uncertain	sres_total	87	16	0.8961	270.0	0.6512	0.5185	0.875	14	13	2
20	29	overall	human_decision_change_yes_or_uncertain	ceis_max	87	16	0.9129	5.0	0.64	0.4706	1.0	16	18	0
21	29	overall	human_decision_change_yes	wer	87	16	0.6915	42.59	0.4615	0.3913	0.5625	9	14	7
21	29	overall	human_decision_change_yes	cer	87	16	0.7232	16.42	0.459	0.3111	0.875	14	31	2
21	29	overall	human_decision_change_yes	sres_total	87	16	0.8961	270.0	0.6512	0.5185	0.875	14	13	2
21	29	overall	human_decision_change_yes	ceis_max	87	16	0.9129	5.0	0.64	0.4706	1.0	16	18	0
21	29	overall	human_decision_change_yes_or_uncertain	wer	87	16	0.6915	42.59	0.4615	0.3913	0.5625	9	14	7
21	29	overall	human_decision_change_yes_or_uncertain	cer	87	16	0.7232	16.42	0.459	0.3111	0.875	14	31	2
21	29	overall	human_decision_change_yes_or_uncertain	sres_total	87	16	0.8961	270.0	0.6512	0.5185	0.875	14	13	2
21	29	overall	human_decision_change_yes_or_uncertain	ceis_max	87	16	0.9129	5.0	0.64	0.4706	1.0	16	18	0
22	29	overall	human_decision_change_yes	wer	87	16	0.6915	42.59	0.4615	0.3913	0.5625	9	14	7
22	29	overall	human_decision_change_yes	cer	87	16	0.7188	16.42	0.4516	0.3043	0.875	14	32	2
22	29	overall	human_decision_change_yes	sres_total	87	16	0.8961	270.0	0.6512	0.5185	0.875	14	13	2
22	29	overall	human_decision_change_yes	ceis_max	87	16	0.9129	5.0	0.64	0.4706	1.0	16	18	0
22	29	overall	human_decision_change_yes_or_uncertain	wer	87	16	0.6915	42.59	0.4615	0.3913	0.5625	9	14	7
22	29	overall	human_decision_change_yes_or_uncertain	cer	87	16	0.7188	16.42	0.4516	0.3043	0.875	14	32	2
22	29	overall	human_decision_change_yes_or_uncertain	sres_total	87	16	0.8961	270.0	0.6512	0.5185	0.875	14	13	2
22	29	overall	human_decision_change_yes_or_uncertain	ceis_max	87	16	0.9129	5.0	0.64	0.4706	1.0	16	18	0
23	29	overall	human_decision_change_yes	wer	87	16	0.7029	42.59	0.4737	0.4091	0.5625	9	13	7
23	29	overall	human_decision_change_yes	cer	87	16	0.732	15.69	0.4615	0.3061	0.9375	15	34	1
23	29	overall	human_decision_change_yes	sres_total	87	16	0.8952	270.0	0.6512	0.5185	0.875	14	13	2
23	29	overall	human_decision_change_yes	ceis_max	87	16	0.908	5.0	0.6275	0.4571	1.0	16	19	0
23	29	overall	human_decision_change_yes_or_uncertain	wer	87	16	0.7029	42.59	0.4737	0.4091	0.5625	9	13	7
23	29	overall	human_decision_change_yes_or_uncertain	cer	87	16	0.732	15.69	0.4615	0.3061	0.9375	15	34	1
23	29	overall	human_decision_change_yes_or_uncertain	sres_total	87	16	0.8952	270.0	0.6512	0.5185	0.875	14	13	2
23	29	overall	human_decision_change_yes_or_uncertain	ceis_max	87	16	0.908	5.0	0.6275	0.4571	1.0	16	19	0
24	29	overall	human_decision_change_yes	wer	87	16	0.7232	42.59	0.5	0.45	0.5625	9	11	7
24	29	overall	human_decision_change_yes	cer	87	16	0.7557	16.42	0.4746	0.3256	0.875	14	29	2
24	29	overall	human_decision_change_yes	sres_total	87	16	0.8952	270.0	0.6512	0.5185	0.875	14	13	2
24	29	overall	human_decision_change_yes	ceis_max	87	16	0.908	5.0	0.6275	0.4571	1.0	16	19	0
24	29	overall	human_decision_change_yes_or_uncertain	wer	87	16	0.7232	42.59	0.5	0.45	0.5625	9	11	7
24	29	overall	human_decision_change_yes_or_uncertain	cer	87	16	0.7557	16.42	0.4746	0.3256	0.875	14	29	2
24	29	overall	human_decision_change_yes_or_uncertain	sres_total	87	16	0.8952	270.0	0.6512	0.5185	0.875	14	13	2
24	29	overall	human_decision_change_yes_or_uncertain	ceis_max	87	16	0.908	5.0	0.6275	0.4571	1.0	16	19	0
25	29	overall	human_decision_change_yes	wer	87	16	0.7126	42.59	0.4865	0.4286	0.5625	9	12	7
25	29	overall	human_decision_change_yes	cer	87	16	0.7416	16.42	0.4667	0.3182	0.875	14	30	2
25	29	overall	human_decision_change_yes	sres_total	87	16	0.8952	270.0	0.6512	0.5185	0.875	14	13	2
25	29	overall	human_decision_change_yes	ceis_max	87	16	0.908	5.0	0.6275	0.4571	1.0	16	19	0
25	29	overall	human_decision_change_yes_or_uncertain	wer	87	16	0.7126	42.59	0.4865	0.4286	0.5625	9	12	7
25	29	overall	human_decision_change_yes_or_uncertain	cer	87	16	0.7416	16.42	0.4667	0.3182	0.875	14	30	2
25	29	overall	human_decision_change_yes_or_uncertain	sres_total	87	16	0.8952	270.0	0.6512	0.5185	0.875	14	13	2
25	29	overall	human_decision_change_yes_or_uncertain	ceis_max	87	16	0.908	5.0	0.6275	0.4571	1.0	16	19	0
26	29	overall	human_decision_change_yes	wer	87	16	0.7104	42.59	0.4865	0.4286	0.5625	9	12	7
26	29	overall	human_decision_change_yes	cer	87	16	0.7408	15.69	0.4688	0.3125	0.9375	15	33	1
26	29	overall	human_decision_change_yes	sres_total	87	16	0.8952	270.0	0.6512	0.5185	0.875	14	13	2
26	29	overall	human_decision_change_yes	ceis_max	87	16	0.908	5.0	0.6275	0.4571	1.0	16	19	0
26	29	overall	human_decision_change_yes_or_uncertain	wer	87	16	0.7104	42.59	0.4865	0.4286	0.5625	9	12	7
26	29	overall	human_decision_change_yes_or_uncertain	cer	87	16	0.7408	15.69	0.4688	0.3125	0.9375	15	33	1
26	29	overall	human_decision_change_yes_or_uncertain	sres_total	87	16	0.8952	270.0	0.6512	0.5185	0.875	14	13	2
26	29	overall	human_decision_change_yes_or_uncertain	ceis_max	87	16	0.908	5.0	0.6275	0.4571	1.0	16	19	0
27	29	overall	human_decision_change_yes	wer	87	16	0.6967	42.59	0.4615	0.3913	0.5625	9	14	7
27	29	overall	human_decision_change_yes	cer	87	16	0.7293	16.42	0.4667	0.3182	0.875	14	30	2
27	29	overall	human_decision_change_yes	sres_total	87	16	0.919	270.0	0.6829	0.56	0.875	14	11	2
27	29	overall	human_decision_change_yes	ceis_max	87	16	0.9177	5.0	0.6531	0.4848	1.0	16	17	0
27	29	overall	human_decision_change_yes_or_uncertain	wer	87	16	0.6967	42.59	0.4615	0.3913	0.5625	9	14	7
27	29	overall	human_decision_change_yes_or_uncertain	cer	87	16	0.7293	16.42	0.4667	0.3182	0.875	14	30	2
27	29	overall	human_decision_change_yes_or_uncertain	sres_total	87	16	0.919	270.0	0.6829	0.56	0.875	14	11	2
27	29	overall	human_decision_change_yes_or_uncertain	ceis_max	87	16	0.9177	5.0	0.6531	0.4848	1.0	16	17	0
28	29	overall	human_decision_change_yes	wer	87	16	0.6985	42.59	0.4615	0.3913	0.5625	9	14	7
28	29	overall	human_decision_change_yes	cer	87	16	0.7276	16.42	0.4667	0.3182	0.875	14	30	2
28	29	overall	human_decision_change_yes	sres_total	87	16	0.9203	270.0	0.7	0.5833	0.875	14	10	2
28	29	overall	human_decision_change_yes	ceis_max	87	16	0.9225	5.0	0.6667	0.5	1.0	16	16	0
28	29	overall	human_decision_change_yes_or_uncertain	wer	87	16	0.6985	42.59	0.4615	0.3913	0.5625	9	14	7
28	29	overall	human_decision_change_yes_or_uncertain	cer	87	16	0.7276	16.42	0.4667	0.3182	0.875	14	30	2
28	29	overall	human_decision_change_yes_or_uncertain	sres_total	87	16	0.9203	270.0	0.7	0.5833	0.875	14	10	2
28	29	overall	human_decision_change_yes_or_uncertain	ceis_max	87	16	0.9225	5.0	0.6667	0.5	1.0	16	16	0
29	29	overall	human_decision_change_yes	wer	87	16	0.6923	42.59	0.4615	0.3913	0.5625	9	14	7
29	29	overall	human_decision_change_yes	cer	87	16	0.7196	16.42	0.459	0.3111	0.875	14	31	2
29	29	overall	human_decision_change_yes	sres_total	87	16	0.8961	270.0	0.6512	0.5185	0.875	14	13	2
29	29	overall	human_decision_change_yes	ceis_max	87	16	0.9129	5.0	0.64	0.4706	1.0	16	18	0
29	29	overall	human_decision_change_yes_or_uncertain	wer	87	16	0.6923	42.59	0.4615	0.3913	0.5625	9	14	7
29	29	overall	human_decision_change_yes_or_uncertain	cer	87	16	0.7196	16.42	0.459	0.3111	0.875	14	31	2
29	29	overall	human_decision_change_yes_or_uncertain	sres_total	87	16	0.8961	270.0	0.6512	0.5185	0.875	14	13	2
29	29	overall	human_decision_change_yes_or_uncertain	ceis_max	87	16	0.9129	5.0	0.64	0.4706	1.0	16	18	0
30	29	overall	human_decision_change_yes	wer	87	16	0.7038	42.59	0.4865	0.4286	0.5625	9	12	7
30	29	overall	human_decision_change_yes	cer	87	16	0.7337	16.42	0.4667	0.3182	0.875	14	30	2
30	29	overall	human_decision_change_yes	sres_total	87	16	0.8952	270.0	0.6512	0.5185	0.875	14	13	2
30	29	overall	human_decision_change_yes	ceis_max	87	16	0.908	5.0	0.6275	0.4571	1.0	16	19	0
30	29	overall	human_decision_change_yes_or_uncertain	wer	87	16	0.7038	42.59	0.4865	0.4286	0.5625	9	12	7
30	29	overall	human_decision_change_yes_or_uncertain	cer	87	16	0.7337	16.42	0.4667	0.3182	0.875	14	30	2
30	29	overall	human_decision_change_yes_or_uncertain	sres_total	87	16	0.8952	270.0	0.6512	0.5185	0.875	14	13	2
30	29	overall	human_decision_change_yes_or_uncertain	ceis_max	87	16	0.908	5.0	0.6275	0.4571	1.0	16	19	0
