step_id	action	status	evidence	next_action
1	confirm aggregate handoff freshness	ready	handoff_status=reviewer_input_pending; freshness=fresh	rerun handoff with --check-existing before reviewer work
2	confirm local packet and response TSV exist	ready	local_packet_exists=True; local_response_template_exists=True	prepare or regenerate the local packet/template if missing
3	record reviewer session preflight	ready	preflight_status=review_session_ready; recorded_at=2026-05-26T10:34:44+08:00	rerun preflight before opening local review files
3b	confirm reviewer value contract	ready	rubric_status=rubric_ready; constants_match=True	rerun reviewer rubric builder before filling response TSV
4	fill row-level risk and decision fields in local response TSV	complete	pending_rows=0; rows_in_batch=4	complete row-level required fields; do not re-review ground-truth transcripts
5	fill per-model assessment fields in local response TSV	complete	pending_model_assessments=0; model_assessments_in_batch=12	complete model-level decision-change and safe-action assessments
6	fill required per-row review-time fields	complete	rows_missing_timing=0; rows_in_batch=4	fill review_started_at/review_finished_at or review_elapsed_seconds before strict dry-run/write; helper_rows=23,24,25,26; use timing_start_write_by_row/timing_finish_write_by_row from this summary
7	run strict response dry-run	complete	latest_apply_status=response_complete; latest_error_keys=incomplete_response,missing_review_timing	.venv/bin/python 80_semantic_risk_asr/annotation/apply_human_audit_batch_response.py --require-complete --require-timing --require-session-start-gate --session-start-summary 70_experiments/runs/janus_300_high_stakes_human_audit_selection_2026_05_25/human_audit_reviewer_session_start_summary.json --response-sheet 70_experiments/runs/janus_300_high_stakes_human_audit_selection_2026_05_25/artifacts/review_responses/2026-05-26T103335_0800_clean_control_response_template.tsv --audit-sheet 70_experiments/runs/janus_300_high_stakes_human_audit_selection_2026_05_25/artifacts/human_risk_atom_audit_sheet.tsv --batch-summary 70_experiments/runs/janus_300_high_stakes_human_audit_selection_2026_05_25/human_audit_next_review_batch_summary.json --output-dir 70_experiments/runs/janus_300_high_stakes_human_audit_selection_2026_05_25 --readiness-output-dir 70_experiments/runs/postdoc_evidence_chain_2026_05_25 --expected-rows 30
8	write, refresh, and prepare next batch	ready	latest_apply_status=response_complete	.venv/bin/python 80_semantic_risk_asr/annotation/apply_human_audit_batch_response.py --require-complete --require-timing --require-session-start-gate --session-start-summary 70_experiments/runs/janus_300_high_stakes_human_audit_selection_2026_05_25/human_audit_reviewer_session_start_summary.json --write --refresh-after-write --prepare-next-after-write --response-sheet 70_experiments/runs/janus_300_high_stakes_human_audit_selection_2026_05_25/artifacts/review_responses/2026-05-26T103335_0800_clean_control_response_template.tsv --audit-sheet 70_experiments/runs/janus_300_high_stakes_human_audit_selection_2026_05_25/artifacts/human_risk_atom_audit_sheet.tsv --batch-summary 70_experiments/runs/janus_300_high_stakes_human_audit_selection_2026_05_25/human_audit_next_review_batch_summary.json --output-dir 70_experiments/runs/janus_300_high_stakes_human_audit_selection_2026_05_25 --readiness-output-dir 70_experiments/runs/postdoc_evidence_chain_2026_05_25 --expected-rows 30
